Year,Age_Group,County,Number of Visits,Age-adjusted rate,NO2 AQI_mean,NO2 AQI_max,NO2 AQI_min,O3 AQI_mean,O3 AQI_max,O3 AQI_min,SO2 AQI_mean,SO2 AQI_max,SO2 AQI_min,CO AQI_mean,CO AQI_max,CO AQI_min
2009,0,Alameda,146.2173913043478,57.95296941152174,21.945205479452056,47.0,4.0,20.964383561643835,46.0,2.0,3.4438356164383563,23.0,0.0,5.671232876712328,23.0,1.0
2009,1,Alameda,88.34782608695652,102.25160147782611,21.945205479452056,47.0,4.0,20.964383561643835,46.0,2.0,3.4438356164383563,23.0,0.0,5.671232876712328,23.0,1.0
2009,0,Contra costa,129.27777777777777,56.07468218194444,14.679908675799087,35.0,3.5,32.24063926940639,139.5,7.5,2.8853881278538807,11.5,0.0,3.919178082191781,9.333333333333334,1.5
2009,1,Contra costa,69.19444444444444,70.746073825,14.679908675799087,35.0,3.5,32.24063926940639,139.5,7.5,2.8853881278538807,11.5,0.0,3.919178082191781,9.333333333333334,1.5
2009,0,Fresno,79.39024390243902,47.22137472658537,26.53972602739726,66.0,7.0,52.28219178082192,172.0,5.0,3.4246575342465753,19.0,0.0,6.550684931506849,24.0,1.0
2009,1,Fresno,84.46341463414635,107.62214520512197,26.53972602739726,66.0,7.0,52.28219178082192,172.0,5.0,3.4246575342465753,19.0,0.0,6.550684931506849,24.0,1.0
2009,0,Humboldt,55.44444444444444,77.70031049111111,8.10803324099723,37.0,0.0,23.941828254847646,46.0,7.0,0.6869806094182825,37.0,0.0,4.445983379501385,15.0,1.0
2009,1,Humboldt,18.77777777777778,48.70027242888889,8.10803324099723,37.0,0.0,23.941828254847646,46.0,7.0,0.6869806094182825,37.0,0.0,4.445983379501385,15.0,1.0
2009,0,Imperial,78.77777777777777,99.63858956,31.77777777777778,101.0,3.0,38.69166666666667,119.0,3.0,2.8916666666666666,19.0,0.0,15.680555555555555,81.0,5.0
2009,1,Imperial,91.22222222222223,156.88551653333332,31.77777777777778,101.0,3.0,38.69166666666667,119.0,3.0,2.8916666666666666,19.0,0.0,15.680555555555555,81.0,5.0
2009,0,Los angeles,110.70075757575758,39.232221614984844,35.31817351598174,79.42857142857143,8.5,33.104246575342465,89.0,4.75,3.376842791911287,10.0,0.0,8.541141552511418,22.25,1.75
2009,1,Los angeles,80.87121212121212,64.77814683568177,35.31817351598174,79.42857142857143,8.5,33.104246575342465,89.0,4.75,3.376842791911287,10.0,0.0,8.541141552511418,22.25,1.75
2009,0,Orange,69.67948717948718,23.75327097734615,23.68421052631579,63.0,0.0,35.229916897506925,90.0,5.0,2.772853185595568,13.0,0.0,5.2105263157894735,25.0,0.0
2009,1,Orange,53.0,46.026958690897445,23.68421052631579,63.0,0.0,35.229916897506925,90.0,5.0,2.772853185595568,13.0,0.0,5.2105263157894735,25.0,0.0
2009,0,Riverside,86.59677419354838,38.52646947096775,29.71976401179941,77.0,2.0,51.259587020648965,161.0,2.0,3.0648967551622417,16.0,1.0,6.776119402985074,22.0,0.0
2009,1,Riverside,65.41935483870968,63.2337508932258,29.71976401179941,77.0,2.0,51.259587020648965,161.0,2.0,3.0648967551622417,16.0,1.0,6.776119402985074,22.0,0.0
2009,0,Sacramento,135.79545454545453,60.35111940045454,20.174885844748857,48.0,3.0,38.61643835616438,145.5,4.5,1.2776255707762556,4.0,0.0,6.667123287671233,25.5,2.0
2009,1,Sacramento,63.5,65.10431507568182,20.174885844748857,48.0,3.0,38.61643835616438,145.5,4.5,1.2776255707762556,4.0,0.0,6.667123287671233,25.5,2.0
2009,0,San bernardino,12.0,79.58078797,34.701369863013696,70.0,10.5,51.56849315068493,145.0,11.0,2.1315068493150684,22.0,0.0,5.597260273972603,13.5,1.0
2009,1,San bernardino,0.0,0.0,34.701369863013696,70.0,10.5,51.56849315068493,145.0,11.0,2.1315068493150684,22.0,0.0,5.597260273972603,13.5,1.0
2009,0,San diego,76.825,24.814072535637496,30.46894977168949,71.33333333333333,5.666666666666667,33.693607305936055,76.0,12.666666666666666,5.804109589041101,17.0,0.3333333333333333,9.652054794520549,27.0,2.6666666666666665
2009,1,San diego,63.825,56.69444632887502,30.46894977168949,71.33333333333333,5.666666666666667,33.693607305936055,76.0,12.666666666666666,5.804109589041101,17.0,0.3333333333333333,9.652054794520549,27.0,2.6666666666666665
2009,0,Santa barbara,43.5,21.014782156874997,5.997716894977168,27.0,0.6666666666666666,33.95972602739726,84.25,18.666666666666668,1.754931506849314,5.666666666666667,0.0,2.0140182648401845,4.25,0.3333333333333333
2009,1,Santa barbara,36.8125,49.66220586812501,5.997716894977168,27.0,0.6666666666666666,33.95972602739726,84.25,18.666666666666668,1.754931506849314,5.666666666666667,0.0,2.0140182648401845,4.25,0.3333333333333333
2009,0,Santa clara,71.13461538461539,29.70135701857693,23.29206349206349,67.0,4.0,24.933333333333334,77.0,2.0,0.7746031746031746,9.0,0.0,5.888888888888889,24.0,1.0
2009,1,Santa clara,36.36538461538461,33.546001424423075,23.29206349206349,67.0,4.0,24.933333333333334,77.0,2.0,0.7746031746031746,9.0,0.0,5.888888888888889,24.0,1.0
2009,0,Santa cruz,37.46153846153846,19.75645129076923,4.018315018315018,16.0,1.0,28.761904761904763,71.0,13.0,2.3626373626373627,7.0,0.0,4.227106227106227,58.0,1.0
2009,1,Santa cruz,24.692307692307693,23.03091257538462,4.018315018315018,16.0,1.0,28.761904761904763,71.0,13.0,2.3626373626373627,7.0,0.0,4.227106227106227,58.0,1.0
2009,0,Solano,172.54545454545453,58.03569597545454,18.024861878453038,46.0,2.0,26.787292817679557,93.0,4.0,2.4613259668508287,14.0,0.0,6.276243093922652,25.0,1.0
2009,1,Solano,86.9090909090909,78.47528001181819,18.024861878453038,46.0,2.0,26.787292817679557,93.0,4.0,2.4613259668508287,14.0,0.0,6.276243093922652,25.0,1.0
2012,0,Alameda,149.82608695652175,57.52173913043476,23.867605633802818,50.0,5.0,22.71267605633803,41.0,3.0,2.9661971830985916,91.0,0.0,7.343661971830986,27.0,2.0
2012,1,Alameda,62.91304347826087,74.8695652173913,23.867605633802818,50.0,5.0,22.71267605633803,41.0,3.0,2.9661971830985916,91.0,0.0,7.343661971830986,27.0,2.0
2012,0,Fresno,82.3,45.74999999999999,23.278145695364238,62.0,4.0,53.73841059602649,201.0,3.0,1.2483443708609272,11.0,0.0,6.543046357615894,24.0,1.0
2012,1,Fresno,92.275,118.26499999999996,23.278145695364238,62.0,4.0,53.73841059602649,201.0,3.0,1.2483443708609272,11.0,0.0,6.543046357615894,24.0,1.0
2012,0,Humboldt,58.63636363636363,70.58181818181818,3.510018214936248,13.5,0.0,26.03688524590164,41.0,10.5,0.037795992714025506,1.5,0.0,3.831967213114754,7.0,1.0
2012,1,Humboldt,16.0,51.33636363636364,3.510018214936248,13.5,0.0,26.03688524590164,41.0,10.5,0.037795992714025506,1.5,0.0,3.831967213114754,7.0,1.0
2012,0,Imperial,69.22222222222223,76.46666666666667,31.414110429447852,90.0,2.0,40.61656441717791,150.0,5.0,2.441717791411043,21.0,0.0,10.024539877300613,55.0,1.0
2012,1,Imperial,81.88888888888889,170.0111111111111,31.414110429447852,90.0,2.0,40.61656441717791,150.0,5.0,2.441717791411043,21.0,0.0,10.024539877300613,55.0,1.0
2012,0,Los angeles,107.90114068441065,37.360836501901126,31.56722829386763,77.5,5.0,34.70771098967822,84.0,3.5,1.999696417729204,26.0,0.0,7.741461748633882,28.5,2.0
2012,1,Los angeles,77.55133079847909,72.78555133079843,31.56722829386763,77.5,5.0,34.70771098967822,84.0,3.5,1.999696417729204,26.0,0.0,7.741461748633882,28.5,2.0
2012,0,Orange,71.325,23.6575,18.78012048192771,53.0,2.0,33.67168674698795,101.0,11.0,0.2680722891566265,9.0,0.0,3.433734939759036,17.0,0.0
2012,1,Orange,49.95,46.54,18.78012048192771,53.0,2.0,33.67168674698795,101.0,11.0,0.2680722891566265,9.0,0.0,3.433734939759036,17.0,0.0
2012,0,Riverside,89.125,37.114062499999996,27.035587188612098,58.0,6.0,51.60142348754449,166.0,3.0,0.2775800711743772,3.0,0.0,6.330960854092527,18.0,1.0
2012,1,Riverside,61.421875,60.0921875,27.035587188612098,58.0,6.0,51.60142348754449,166.0,3.0,0.2775800711743772,3.0,0.0,6.330960854092527,18.0,1.0
2012,0,Sacramento,143.11111111111111,60.53777777777779,16.697986577181208,48.0,3.0,41.895973154362416,151.0,9.0,0.36577181208053694,4.0,0.0,4.785234899328859,23.0,1.0
2012,1,Sacramento,61.977777777777774,67.22888888888892,16.697986577181208,48.0,3.0,41.895973154362416,151.0,9.0,0.36577181208053694,4.0,0.0,4.785234899328859,23.0,1.0
2012,0,San diego,84.17105263157895,26.102631578947367,20.374301675977655,56.0,5.0,37.444134078212294,97.0,2.0,0.008379888268156424,1.0,0.0,5.212290502793296,22.0,2.0
2012,1,San diego,66.55263157894737,64.57894736842105,20.374301675977655,56.0,5.0,37.444134078212294,97.0,2.0,0.008379888268156424,1.0,0.0,5.212290502793296,22.0,2.0
2012,0,Santa barbara,45.64705882352941,22.08823529411765,4.623770491803279,18.0,1.0,34.79890710382514,62.0,20.0,2.895719489981786,33.0,0.6666666666666666,2.178142076502732,4.666666666666667,0.6666666666666666
2012,1,Santa barbara,38.1764705882353,52.60588235294118,4.623770491803279,18.0,1.0,34.79890710382514,62.0,20.0,2.895719489981786,33.0,0.6666666666666666,2.178142076502732,4.666666666666667,0.6666666666666666
2012,0,Santa clara,70.32692307692308,31.903846153846146,19.510928961748633,53.5,4.5,27.972677595628415,61.0,6.0,1.633879781420765,20.5,0.0,5.472677595628415,15.0,2.0
2012,1,Santa clara,34.80769230769231,34.20384615384615,19.510928961748633,53.5,4.5,27.972677595628415,61.0,6.0,1.633879781420765,20.5,0.0,5.472677595628415,15.0,2.0
2012,0,Solano,201.0909090909091,69.12727272727274,17.363387978142075,49.0,1.0,27.939890710382514,58.0,8.0,1.046448087431694,20.0,0.0,6.448087431693989,25.0,2.0
2012,1,Solano,96.18181818181819,107.56363636363636,17.363387978142075,49.0,1.0,27.939890710382514,58.0,8.0,1.046448087431694,20.0,0.0,6.448087431693989,25.0,2.0
2013,0,Alameda,144.6304347826087,55.50652173913044,25.1510989010989,61.0,5.0,21.02747252747253,50.0,3.0,2.491758241758242,67.0,0.0,8.043956043956044,36.0,2.0
2013,1,Alameda,82.38461538461539,100.31794871794871,25.1510989010989,61.0,5.0,21.02747252747253,50.0,3.0,2.491758241758242,67.0,0.0,8.043956043956044,36.0,2.0
2013,0,Contra costa,129.0,48.69444444444445,15.813698630136983,34.666666666666664,3.0,29.45981735159818,78.0,9.0,1.2091324200913232,6.666666666666667,0.0,4.42283105022831,9.666666666666666,2.0
2013,1,Contra costa,76.48275862068965,82.31724137931033,15.813698630136983,34.666666666666664,3.0,29.45981735159818,78.0,9.0,1.2091324200913232,6.666666666666667,0.0,4.42283105022831,9.666666666666666,2.0
2013,0,Fresno,92.0,55.60277777777779,23.65,57.0,3.0,44.75555555555555,145.0,3.0,0.8777777777777778,7.0,0.0,7.325,26.0,0.0
2013,1,Fresno,108.08823529411765,131.7264705882353,23.65,57.0,3.0,44.75555555555555,145.0,3.0,0.8777777777777778,7.0,0.0,7.325,26.0,0.0
2013,0,Humboldt,74.625,70.55000000000001,4.561643835616438,27.0,0.0,23.53698630136986,41.5,9.0,0.021917808219178082,0.5,0.0,3.682191780821918,9.0,1.0
2013,1,Humboldt,26.6,67.8,4.561643835616438,27.0,0.0,23.53698630136986,41.5,9.0,0.021917808219178082,0.5,0.0,3.682191780821918,9.0,1.0
2013,0,Imperial,77.28571428571429,49.81428571428571,30.34393063583815,111.0,2.0,50.71965317919075,182.0,12.0,2.6098265895953756,14.0,0.0,9.855491329479769,56.0,1.0
2013,1,Imperial,107.66666666666667,141.00000000000003,30.34393063583815,111.0,2.0,50.71965317919075,182.0,12.0,2.6098265895953756,14.0,0.0,9.855491329479769,56.0,1.0
2013,0,Los angeles,113.06589147286822,38.73875968992249,31.257397260273983,70.0,5.25,35.75406392694064,90.6,9.25,1.5372146118721453,11.0,0.0,7.940821917808223,23.0,1.75
2013,1,Los angeles,87.77631578947368,81.11359649122812,31.257397260273983,70.0,5.25,35.75406392694064,90.6,9.25,1.5372146118721453,11.0,0.0,7.940821917808223,23.0,1.75
2013,0,Orange,74.34615384615384,24.567948717948724,21.022653721682847,73.0,2.0,38.566343042071196,143.0,7.0,0.5372168284789643,6.0,0.0,4.935275080906149,23.0,0.0
2013,1,Orange,54.47142857142857,51.709999999999994,21.022653721682847,73.0,2.0,38.566343042071196,143.0,7.0,0.5372168284789643,6.0,0.0,4.935275080906149,23.0,0.0
2013,0,Riverside,89.18032786885246,35.16229508196722,27.0,56.0,5.0,54.32923076923077,195.0,2.0,0.30153846153846153,10.0,0.0,7.006153846153846,20.5,2.0
2013,1,Riverside,68.33333333333333,63.67777777777781,27.0,56.0,5.0,54.32923076923077,195.0,2.0,0.30153846153846153,10.0,0.0,7.006153846153846,20.5,2.0
2013,0,Sacramento,145.77272727272728,62.23863636363637,16.923357664233578,42.0,1.0,42.36496350364963,154.0,6.0,0.5802919708029197,7.0,0.0,6.240875912408759,24.0,1.0
2013,1,Sacramento,79.75675675675676,86.82162162162163,16.923357664233578,42.0,1.0,42.36496350364963,154.0,6.0,0.5802919708029197,7.0,0.0,6.240875912408759,24.0,1.0
2013,0,San bernardino,132.27272727272728,57.37454545454545,31.45433789954338,62.0,2.0,63.977168949771695,166.5,13.0,1.1931506849315068,6.0,0.0,4.175342465753425,12.0,0.0
2013,1,San bernardino,107.80851063829788,86.8872340425532,31.45433789954338,62.0,2.0,63.977168949771695,166.5,13.0,1.1931506849315068,6.0,0.0,4.175342465753425,12.0,0.0
2013,0,San diego,90.74324324324324,28.53783783783784,20.15406976744186,48.0,4.0,40.79360465116279,126.0,9.0,0.005813953488372093,1.0,0.0,5.093023255813954,14.0,2.0
2013,1,San diego,67.0,64.83999999999999,20.15406976744186,48.0,4.0,40.79360465116279,126.0,9.0,0.005813953488372093,1.0,0.0,5.093023255813954,14.0,2.0
2013,0,Santa barbara,68.91666666666667,27.675,4.7931506849315095,17.333333333333332,0.3333333333333333,36.327853881278536,104.33333333333331,16.333333333333332,2.8086757990867577,37.0,0.6666666666666666,2.145205479452054,6.0,0.6666666666666666
2013,1,Santa barbara,55.09090909090909,74.53636363636363,4.7931506849315095,17.333333333333332,0.3333333333333333,36.327853881278536,104.33333333333331,16.333333333333332,2.8086757990867577,37.0,0.6666666666666666,2.145205479452054,6.0,0.6666666666666666
2013,0,Santa clara,76.10416666666667,26.79166666666667,20.79041095890411,47.0,3.5,27.617808219178084,106.5,1.5,0.8849315068493151,9.5,0.0,6.123287671232877,17.5,2.0
2013,1,Santa clara,41.36585365853659,40.880487804878044,20.79041095890411,47.0,3.5,27.617808219178084,106.5,1.5,0.8849315068493151,9.5,0.0,6.123287671232877,17.5,2.0
2013,0,Solano,197.0,68.42727272727272,18.693150684931506,46.0,1.0,30.194520547945206,93.0,8.0,0.8958904109589041,11.0,0.0,6.6219178082191785,26.0,2.0
2013,1,Solano,95.5,101.47,18.693150684931506,46.0,1.0,30.194520547945206,93.0,8.0,0.8958904109589041,11.0,0.0,6.6219178082191785,26.0,2.0
2014,0,Alameda,142.77272727272728,53.65227272727273,23.06027397260274,53.0,5.0,25.654794520547945,64.0,4.0,2.1013698630136988,23.0,0.0,7.8493150684931505,30.0,3.0
2014,1,Alameda,88.5,112.88500000000003,23.06027397260274,53.0,5.0,25.654794520547945,64.0,4.0,2.1013698630136988,23.0,0.0,7.8493150684931505,30.0,3.0
2014,0,Contra costa,128.73529411764707,46.00588235294118,13.504109589041086,41.0,2.6666666666666665,32.782191780821925,99.0,6.666666666666667,1.7744292237442927,17.0,0.0,4.816438356164385,8.666666666666666,2.0
2014,1,Contra costa,79.79310344827586,88.0206896551724,13.504109589041086,41.0,2.6666666666666665,32.782191780821925,99.0,6.666666666666667,1.7744292237442927,17.0,0.0,4.816438356164385,8.666666666666666,2.0
2014,0,Fresno,90.82857142857142,50.59142857142858,23.08677685950413,56.0,4.0,57.62534435261708,172.0,5.0,0.9421487603305785,9.0,0.0,6.151515151515151,27.0,1.0
2014,1,Fresno,124.47058823529412,148.27058823529413,23.08677685950413,56.0,4.0,57.62534435261708,172.0,5.0,0.9421487603305785,9.0,0.0,6.151515151515151,27.0,1.0
2014,0,Humboldt,81.57142857142857,67.31428571428572,3.92648401826484,17.5,0.0,25.796803652968034,42.0,10.0,0.10867579908675801,1.0,0.0,3.5205479452054793,8.5,1.5
2014,1,Humboldt,24.4,63.080000000000005,3.92648401826484,17.5,0.0,25.796803652968034,42.0,10.0,0.10867579908675801,1.0,0.0,3.5205479452054793,8.5,1.5
2014,0,Imperial,88.5,56.324999999999996,26.84012539184953,93.0,2.0,47.06896551724138,151.0,5.0,2.780564263322884,16.0,0.0,7.971786833855799,43.0,1.0
2014,1,Imperial,118.33333333333333,157.98333333333332,26.84012539184953,93.0,2.0,47.06896551724138,151.0,5.0,2.780564263322884,16.0,0.0,7.971786833855799,43.0,1.0
2014,0,Los angeles,115.53875968992249,38.57868217054263,31.691193737769094,72.2,6.666666666666667,38.95465970863232,137.5,7.0,1.487340726244836,8.0,0.0,7.90080669710807,22.4,2.25
2014,1,Los angeles,90.22566371681415,82.63628318584071,31.691193737769094,72.2,6.666666666666667,38.95465970863232,137.5,7.0,1.487340726244836,8.0,0.0,7.90080669710807,22.4,2.25
2014,0,Orange,73.67105263157895,23.147368421052626,20.892957746478874,57.0,2.0,40.287323943661974,129.0,8.0,0.6366197183098592,11.0,0.0,4.335211267605634,22.0,0.0
2014,1,Orange,56.32857142857143,53.75857142857143,20.892957746478874,57.0,2.0,40.287323943661974,129.0,8.0,0.6366197183098592,11.0,0.0,4.335211267605634,22.0,0.0
2014,0,Riverside,91.14754098360656,36.39016393442623,26.558011049723756,56.0,4.0,63.68232044198895,197.0,5.0,0.47790055248618785,7.0,0.0,6.5621546961325965,21.0,2.0
2014,1,Riverside,72.33962264150944,65.7679245283019,26.558011049723756,56.0,4.0,63.68232044198895,197.0,5.0,0.47790055248618785,7.0,0.0,6.5621546961325965,21.0,2.0
2014,0,Sacramento,153.74418604651163,63.26511627906978,14.085872576177286,41.0,1.0,43.2382271468144,122.0,4.0,0.8698060941828255,7.0,0.0,4.71191135734072,19.0,1.0
2014,1,Sacramento,86.75,95.93611111111107,14.085872576177286,41.0,1.0,43.2382271468144,122.0,4.0,0.8698060941828255,7.0,0.0,4.71191135734072,19.0,1.0
2014,0,San bernardino,131.92727272727274,56.95636363636364,30.512328767123286,57.0,6.0,60.07534246575342,156.0,13.5,1.0273972602739727,4.0,0.0,4.353424657534247,13.0,1.0
2014,1,San bernardino,114.88372093023256,90.21627906976745,30.512328767123286,57.0,6.0,60.07534246575342,156.0,13.5,1.0273972602739727,4.0,0.0,4.353424657534247,13.0,1.0
2014,0,San diego,89.17808219178082,27.446575342465756,23.355855855855857,54.0,3.0,39.31981981981982,115.0,3.0,0.009009009009009009,1.0,0.0,5.558558558558558,20.0,1.0
2014,1,San diego,63.42857142857143,60.919999999999995,23.355855855855857,54.0,3.0,39.31981981981982,115.0,3.0,0.009009009009009009,1.0,0.0,5.558558558558558,20.0,1.0
2014,0,Santa barbara,60.357142857142854,26.45714285714286,3.8515981735159817,16.0,0.0,37.38767123287671,107.66666666666669,20.33333333333333,1.9118721461187225,39.66666666666666,0.0,2.241552511415524,6.666666666666667,1.0
2014,1,Santa barbara,50.75,70.81666666666666,3.8515981735159817,16.0,0.0,37.38767123287671,107.66666666666669,20.33333333333333,1.9118721461187225,39.66666666666666,0.0,2.241552511415524,6.666666666666667,1.0
2014,0,Santa clara,75.22916666666667,25.1375,22.076712328767123,55.0,4.0,30.506849315068493,87.0,3.0,0.20821917808219179,4.0,0.0,5.684931506849315,22.0,2.0
2014,1,Santa clara,45.5,42.67105263157895,22.076712328767123,55.0,4.0,30.506849315068493,87.0,3.0,0.20821917808219179,4.0,0.0,5.684931506849315,22.0,2.0
2014,0,Solano,201.0909090909091,67.71818181818182,15.98082191780822,47.0,1.0,31.561643835616437,93.0,8.0,1.1835616438356165,33.0,0.0,5.638356164383562,24.0,2.0
2014,1,Solano,107.7,112.35999999999999,15.98082191780822,47.0,1.0,31.561643835616437,93.0,8.0,1.1835616438356165,33.0,0.0,5.638356164383562,24.0,2.0
2015,0,Alameda,149.09302325581396,54.66046511627907,22.75824175824176,54.0,5.0,25.304945054945055,80.0,4.0,2.28021978021978,30.0,0.0,8.285714285714286,30.0,3.0
2015,1,Alameda,87.89473684210526,104.17631578947368,22.75824175824176,54.0,5.0,25.304945054945055,80.0,4.0,2.28021978021978,30.0,0.0,8.285714285714286,30.0,3.0
2015,0,Contra costa,135.12121212121212,54.90606060606061,13.496347031963467,29.0,3.0,33.710502283105,89.0,4.0,1.574885844748856,6.0,0.0,5.281278538812791,11.0,2.333333333333333
2015,1,Contra costa,83.33333333333333,81.91111111111111,13.496347031963467,29.0,3.0,33.710502283105,89.0,4.0,1.574885844748856,6.0,0.0,5.281278538812791,11.0,2.333333333333333
2015,0,Fresno,98.32352941176471,58.43823529411766,19.155619596541786,46.0,3.0,53.87896253602305,182.0,6.0,1.1152737752161384,14.0,0.0,5.628242074927954,20.0,1.0
2015,1,Fresno,127.67647058823529,153.24705882352941,19.155619596541786,46.0,3.0,53.87896253602305,182.0,6.0,1.1152737752161384,14.0,0.0,5.628242074927954,20.0,1.0
2015,0,Humboldt,84.83333333333333,65.28333333333333,4.497067448680352,15.5,0.0,27.127565982404693,45.0,9.0,0.02785923753665689,0.5,0.0,4.0469208211143695,8.5,1.0
2015,1,Humboldt,22.8,61.339999999999996,4.497067448680352,15.5,0.0,27.127565982404693,45.0,9.0,0.02785923753665689,0.5,0.0,4.0469208211143695,8.5,1.0
2015,0,Imperial,78.25,52.824999999999996,25.738888888888887,82.0,2.0,48.40277777777778,140.0,13.0,2.6805555555555554,23.0,0.0,8.127777777777778,45.0,1.0
2015,1,Imperial,108.66666666666667,142.95000000000002,25.738888888888887,82.0,2.0,48.40277777777778,140.0,13.0,2.6805555555555554,23.0,0.0,8.127777777777778,45.0,1.0
2015,0,Los angeles,120.17241379310344,40.202298850574714,31.142850619699928,65.33333333333333,2.0,39.57889106327462,95.0,9.333333333333334,1.542283105022831,17.333333333333332,0.0,6.646738421395953,19.33333333333333,1.6666666666666667
2015,1,Los angeles,88.06113537117903,82.31790393013102,31.142850619699928,65.33333333333333,2.0,39.57889106327462,95.0,9.333333333333334,1.542283105022831,17.333333333333332,0.0,6.646738421395953,19.33333333333333,1.6666666666666667
2015,0,Orange,75.23076923076923,24.80384615384615,20.956521739130434,49.0,1.0,42.21739130434783,129.0,0.0,0.28695652173913044,6.0,0.0,4.736231884057971,25.0,0.0
2015,1,Orange,59.67142857142857,58.2157142857143,20.956521739130434,49.0,1.0,42.21739130434783,129.0,0.0,0.28695652173913044,6.0,0.0,4.736231884057971,25.0,0.0
2015,0,Riverside,104.27586206896552,39.66379310344826,26.600558659217878,54.0,3.0,61.55027932960894,200.0,4.0,0.17597765363128492,1.0,0.0,5.909217877094972,18.0,0.5
2015,1,Riverside,73.09615384615384,66.77115384615385,26.600558659217878,54.0,3.0,61.55027932960894,200.0,4.0,0.17597765363128492,1.0,0.0,5.909217877094972,18.0,0.5
2015,0,Sacramento,151.75,66.09090909090912,16.126074498567334,49.0,0.0,40.249283667621775,159.0,3.0,2.6303724928366763,11.0,0.0,4.948424068767908,23.0,1.0
2015,1,Sacramento,86.16216216216216,97.24324324324324,16.126074498567334,49.0,0.0,40.249283667621775,159.0,3.0,2.6303724928366763,11.0,0.0,4.948424068767908,23.0,1.0
2015,0,San bernardino,140.79245283018867,55.61509433962264,27.66849315068493,68.0,0.0,59.62465753424657,200.0,6.5,2.4452054794520546,74.0,0.0,4.8123287671232875,32.0,0.5
2015,1,San bernardino,106.68888888888888,86.92444444444445,27.66849315068493,68.0,0.0,59.62465753424657,200.0,6.5,2.4452054794520546,74.0,0.0,4.8123287671232875,32.0,0.5
2015,0,San diego,92.14864864864865,28.904054054054054,19.067448680351905,56.0,3.0,39.54545454545455,90.0,8.0,0.01466275659824047,1.0,0.0,4.480938416422287,13.0,1.0
2015,1,San diego,65.05797101449275,62.61014492753625,19.067448680351905,56.0,3.0,39.54545454545455,90.0,8.0,0.01466275659824047,1.0,0.0,4.480938416422287,13.0,1.0
2015,0,Santa barbara,66.53333333333333,33.13333333333333,4.1926940639269406,11.333333333333334,0.5,37.704109589041124,75.0,20.0,1.0671232876712322,12.666666666666666,0.0,2.561187214611871,4.666666666666667,1.0
2015,1,Santa barbara,53.583333333333336,68.28333333333333,4.1926940639269406,11.333333333333334,0.5,37.704109589041124,75.0,20.0,1.0671232876712322,12.666666666666666,0.0,2.561187214611871,4.666666666666667,1.0
2015,0,Santa clara,91.34042553191489,30.44042553191489,21.895027624309392,46.0,3.0,32.24033149171271,136.0,2.0,0.26243093922651933,4.0,0.0,6.013812154696133,18.0,2.0
2015,1,Santa clara,45.707317073170735,43.68780487804877,21.895027624309392,46.0,3.0,32.24033149171271,136.0,2.0,0.26243093922651933,4.0,0.0,6.013812154696133,18.0,2.0
2015,0,Solano,202.6,64.07000000000001,15.986225895316805,42.0,1.0,31.62258953168044,100.0,3.0,0.8870523415977961,7.0,0.0,6.512396694214876,22.0,0.0
2015,1,Solano,113.33333333333333,109.26666666666668,15.986225895316805,42.0,1.0,31.62258953168044,100.0,3.0,0.8870523415977961,7.0,0.0,6.512396694214876,22.0,0.0
2016,0,Alameda,122.06521739130434,44.35217391304348,24.82051282051282,45.0,8.0,27.00854700854701,45.0,7.0,2.2564102564102564,30.0,0.0,8.2991452991453,16.0,3.0
2016,1,Alameda,84.675,103.5675,24.82051282051282,45.0,8.0,27.00854700854701,45.0,7.0,2.2564102564102564,30.0,0.0,8.2991452991453,16.0,3.0
2016,0,Contra costa,111.6470588235294,43.838235294117645,13.66115702479339,27.33333333333333,3.0,31.706611570247922,81.66666666666667,11.0,1.647382920110193,7.666666666666667,0.3333333333333333,5.336088154269972,8.0,2.6666666666666665
2016,1,Contra costa,78.81481481481481,81.60740740740741,13.66115702479339,27.33333333333333,3.0,31.706611570247922,81.66666666666667,11.0,1.647382920110193,7.666666666666667,0.3333333333333333,5.336088154269972,8.0,2.6666666666666665
2016,0,Fresno,81.23529411764706,42.8,27.70689655172414,50.0,9.0,27.75862068965517,50.0,6.0,0.0,0.0,0.0,9.051724137931034,19.0,3.0
2016,1,Fresno,118.3030303030303,141.2636363636364,27.70689655172414,50.0,9.0,27.75862068965517,50.0,6.0,0.0,0.0,0.0,9.051724137931034,19.0,3.0
2016,0,Humboldt,72.28571428571429,64.2,4.686813186813187,13.5,0.0,30.65934065934066,41.0,12.5,0.3076923076923077,1.0,0.0,3.5274725274725274,7.0,1.5
2016,1,Humboldt,24.0,62.4,4.686813186813187,13.5,0.0,30.65934065934066,41.0,12.5,0.3076923076923077,1.0,0.0,3.5274725274725274,7.0,1.5
2016,0,Imperial,75.85714285714286,43.0,33.65934065934066,83.0,3.0,43.02197802197802,97.0,16.0,2.318681318681319,9.0,0.0,10.802197802197803,35.0,2.0
2016,1,Imperial,106.16666666666667,143.50000000000003,33.65934065934066,83.0,3.0,43.02197802197802,97.0,16.0,2.318681318681319,9.0,0.0,10.802197802197803,35.0,2.0
2016,0,Sacramento,139.74418604651163,57.50465116279068,19.785714285714285,31.0,3.0,24.464285714285715,32.0,13.0,3.75,6.0,1.0,7.535714285714286,16.0,3.0
2016,1,Sacramento,73.91891891891892,82.6081081081081,19.785714285714285,31.0,3.0,24.464285714285715,32.0,13.0,3.75,6.0,1.0,7.535714285714286,16.0,3.0
2016,0,San bernardino,121.42307692307692,44.607692307692304,25.875,51.0,3.0,38.61363636363637,84.0,17.0,0.42045454545454547,3.0,0.0,6.306818181818182,10.0,3.0
2016,1,San bernardino,100.4,84.53777777777779,25.875,51.0,3.0,38.61363636363637,84.0,17.0,0.42045454545454547,3.0,0.0,6.306818181818182,10.0,3.0
2016,0,Santa barbara,59.53333333333333,30.086666666666666,4.106227106227106,10.333333333333334,0.0,39.02197802197803,74.0,24.0,0.8461538461538458,2.333333333333333,0.0,1.7930402930402933,4.0,0.0
2016,1,Santa barbara,63.5,78.07000000000001,4.106227106227106,10.333333333333334,0.0,39.02197802197803,74.0,24.0,0.8461538461538458,2.333333333333333,0.0,1.7930402930402933,4.0,0.0
2016,0,Santa clara,80.68888888888888,25.424444444444447,23.355371900826448,48.0,4.0,30.454545454545453,67.0,6.0,0.19008264462809918,1.0,0.0,6.016528925619835,15.0,2.0
2016,1,Santa clara,40.6578947368421,35.69736842105263,23.355371900826448,48.0,4.0,30.454545454545453,67.0,6.0,0.19008264462809918,1.0,0.0,6.016528925619835,15.0,2.0
2016,0,Solano,205.0,70.78181818181818,17.85123966942149,36.0,1.0,31.545454545454547,84.0,6.0,0.9504132231404959,9.0,0.0,6.801652892561983,20.0,2.0
2016,1,Solano,106.4,109.75,17.85123966942149,36.0,1.0,31.545454545454547,84.0,6.0,0.9504132231404959,9.0,0.0,6.801652892561983,20.0,2.0
